,Bélgica-Luxemburgo,Checoslovaq,Etiopía RDP,Territorio de las Islas del Pacífico,URSS,Yugoslav RFS
Bélgica-Luxemburgo,1.0,0.4304468631744385,0.7679548263549805,0.6755746603012085,0.538416862487793,0.2950030565261841
Checoslovaq,0.4304468631744385,1.0,0.4590625762939453,0.8261209726333618,0.8642861843109131,0.9471426010131836
Etiopía RDP,0.7679548263549805,0.4590625762939453,1.0,0.8087300062179565,0.7234687805175781,0.48533859848976135
Territorio de las Islas del Pacífico,0.6755746603012085,0.8261209726333618,0.8087300062179565,1.0,0.934139609336853,0.8744096755981445
URSS,0.538416862487793,0.8642861843109131,0.7234687805175781,0.9341396689414978,1.0,0.9293869733810425
Yugoslav RFS,0.2950030565261841,0.9471426010131836,0.48533859848976135,0.8744096755981445,0.9293870329856873,1.0
