completitud_%,completitud_por_pais,gap_medio,gap_maximo,n_gaps,cv_medio,cv_std,densidad_temporal_media
56.95636924803591,"{'Armenia': 59.36447811447812, 'Asia central': 61.321548821548824, 'Azerbaiyán': 61.321548821548824, 'Belarús': 59.974747474747474, 'Bosnia y Herzegovina': 59.36447811447812, 'Bélgica': 44.4023569023569, 'Chequia': 58.03872053872054, 'Croacia': 59.974747474747474, 'Eritrea': 55.23989898989899, 'Eslovaquia': 58.03872053872054, 'Eslovenia': 59.974747474747474, 'Estonia': 59.974747474747474, 'Etiopía': 58.08080808080808, 'Federación de Rusia': 61.93181818181818, 'Georgia': 59.36447811447812, 'Kazajstán': 61.93181818181818, 'Kirguistán': 60.563973063973066, 'Letonia': 59.974747474747474, 'Lituania': 59.974747474747474, 'Luxemburgo': 44.486531986531986, 'Macedonia del Norte': 61.321548821548824, 'Micronesia (Estados Federados de)': 58.417508417508415, 'Montenegro': 32.554713804713806, 'Palestina': 57.23905723905724, 'República de Moldova': 59.36447811447812, 'Serbia': 32.554713804713806, 'Tayikistán': 60.66919191919192, 'Turkmenistán': 60.66919191919192, 'Ucrania': 61.93181818181818, 'Uzbekistán': 60.66919191919192}",14.27046511627907,33,4300,0.3001862053852731,0.6873000119644885,29.5
